video_id	folder_name
0	798697108
1	83062078
2	668762431
3	669713088
4	807354915
5	803998822
6	713198451
7	544623341
8	890246204
9	719859858
10	712963310
11	295450373
12	593395131
13	843723172
14	752555893
15	18919521
16	594412010
17	629592311
18	500511836
19	629335289
20	928971866
21	378873086
22	976286201
23	9167216
24	75117232
25	64724790
26	807297409
27	583298799
28	209391967
29	676241005
30	419712382
31	48281270
32	328071537
33	95047432
34	838018451
35	332144517
36	253396159
37	973967000
38	204920392
39	296543041
40	890530217
41	633504357
42	678659722
43	33081443
44	378413308
45	721178357
46	633497602
47	420896208
48	720934787
49	930152626
50	420337219
51	206826184
52	251678880
53	504166779
54	290474744
55	670492377
56	87259764
57	710184625
58	499408932
59	64155998
60	80669491
61	79677140
62	79208186
63	80240943
64	80429668
65	80074265
66	74821233
67	289868174
68	925855399
69	503695363
70	630222549
71	289101430
72	69896973
73	761447421
74	716775614
75	752676478
76	66690765
77	58047948
78	583458275
79	838967896
80	583975663
81	498552249
82	668968041
83	809592858
84	544201767
85	634535250
86	292963012
87	590688176
88	371531145
89	928534861
90	970756111
91	93347947
92	498805098
93	711060437
94	583239247
95	839319604
96	286224110
97	1463152
98	503024112
99	460479756
100	845307705
101	973079325
102	546985176
103	376832210
104	712530999
105	713361466
106	592529468
107	887650331
108	926702390
109	91254785
110	285865078
111	978679867
112	52463241
113	55291177
114	936203493
115	937122858
116	338475943
117	935927035
118	754684914
119	711992370
120	668186830
121	154637
122	205616160
123	462101935
124	846292090
125	374344810
126	373265013
127	461287130
128	421184818
129	887076330
130	625819476
131	837624374
132	13256431
133	250907100
134	458293246
135	802886488
136	79820494
137	753487010
138	974219036
139	803124390
140	669110025
141	885945654
142	291241128
143	289607530
144	502798041
145	209488796
146	806021751
147	723164460
148	253054079
149	380716074
150	680558478
151	550475912
152	339202088
153	758403089
154	205466210
155	846224164
156	420981485
157	976064063
158	545219568
159	419042459
160	545043188
161	420984624
162	714840508
163	544809100
164	929632523
165	672311306
166	23291665
167	414055762
168	200536954
169	892385372
170	36901164
171	631341784
172	465533733
173	673571299
174	288041520
175	801302946
176	844802593
177	209213061
178	800947750
179	501106990
180	975602604
181	676341005
182	60163453
183	92872484
184	98270082
185	209603003
186	678968463
187	540763835
188	508068349
189	82334756
190	422571470
191	335628102
192	505381547
193	87435681
194	463886851
195	719706633
196	935273856
197	17971445
198	710465442
199	415038856
200	202766097
201	212615471
202	467617496
203	212141980
204	542986923
205	976464023
206	839501883
207	465649349
208	806701815
209	508405721
210	970640616
211	805139064
212	671945867
213	846627006
214	78008363
215	800307314
216	715726578
217	374700955
218	799130534
219	585014033
220	501618995
221	797120169
222	65832291
223	67571770
224	65770858
225	73219416
226	754414369
227	61495892
228	504339855
229	458769972
230	544441220
231	714477461
232	41201874
233	800704077
234	52847416
235	461958022
236	98103566
237	455443362
238	547675303
239	756458023
240	69964901
241	892139902
242	892684122
243	634461881
244	806886279
245	892119561
246	463986605
247	550978647
248	760157828
249	459564479
250	761382435
251	680229746
252	63710892
253	97542377
254	766140032
255	338673167
256	760363353
257	634880122
258	252415974
259	586142758
260	978536494
261	509154351
262	466640047
263	211721245
264	891745879
265	677051139
266	974157008
267	800418960
268	460584817
269	295427756
270	936282620
271	97887291
272	90781687
273	251123597
274	31123236
275	76162410
276	637114330
277	211805069
278	635721392
279	978731138
280	253673032
281	456737377
282	285553816
283	412731375
284	201809123
285	796379179
286	798030970
287	586593794
288	544049681
289	374161256
290	628828511
291	975785691
292	928332628
293	372958425
294	755431026
295	630638182
296	11329121
297	71250814
298	76320160
299	969690365
300	287611727
301	414967836
302	69662938
303	844765378
304	625132712
305	800225276
306	887442308
307	799664356
308	336300981
309	78442086
310	502280870
311	633465900
312	55852426
313	626507438
314	976940685
315	81466452
316	414282786
317	94154069
318	626760714
319	584315897
320	541573724
321	594556748
322	668984560
323	633299726
324	330519086
325	286511291
326	82711955
327	381468171
328	808970374
329	466284307
330	583814236
331	465049737
332	465452912
333	209979415
334	289348281
335	676501462
336	497786049
337	546070813
338	71247631
339	974265206
340	87700352
341	87356335
342	79017532
343	94932260
344	247447343
345	88743119
346	841792846
347	9147210
348	77544767
349	76760198
350	330135593
351	672522461
352	11082159
353	545094976
354	930268164
355	545023936
356	844843286
357	27325017
358	49834810
359	55612472
360	55590222
361	55507182
362	60006352
363	296554747
364	542015304
365	974351763
366	548265533
367	547763637
368	208258227
369	634845158
370	544538588
371	76325397
372	53496673
373	68945326
374	669198517
375	414327551
376	716925977
377	807534979
378	460481765
379	798785294
380	246100157
381	586173209
382	62738449
383	61546688
384	888698817
385	850624236
386	465088040
387	503658444
388	65217655
389	16490566
390	934576693
391	463248230
392	378470278
393	805805744
394	720459109
395	329375102
396	378733546
397	334828358
398	892421609
399	379662606
400	846436061
401	849176795
402	804591994
403	547875833
404	547904290
405	671879046
406	335561342
407	421004410
408	672936915
409	499801636
410	211667674
411	894369203
412	336743355
413	805301425
414	713946995
415	68135355
416	974770479
417	335362327
418	845994407
419	422744993
420	541024383
421	547947697
422	841198237
423	49066552
424	807554603
425	722241250
426	507125994
427	592141492
428	632022746
429	93399270
430	969657589
431	721904846
432	500587114
433	970137828
434	422968687
435	669036291
436	673286256
437	76236752
438	200891094
439	244449445
440	926916095
441	423989187
442	978915145
443	969034901
444	587550755
445	760354953
446	672490407
447	546896775
448	414308899
449	548626562
450	804334368
451	979634430
452	424423077
453	7866724
454	83862726
455	70809476
456	333660363
457	35612048
458	717377340
459	637313334
460	893922136
461	211380185
462	31694136
463	967643489
464	882833138
465	207996063
466	97887646
467	292326474
468	211285945
469	31117594
470	801436927
471	95007659
472	927716953
473	285402534
474	328102418
475	329479896
476	721077900
477	548924820
478	66208914
479	60952908
480	852785046
481	425260085
482	339877180
483	84644887
484	82986609
485	327981679
486	50118709
487	540048842
488	294120223
489	716611392
490	549273474
491	679148661
492	549416792
493	209559106
494	845915108
495	70620701
496	809143282
497	289264411
498	588060203
499	417388825
500	374621767
501	679213546
502	373729194
503	424092101
504	681657443
505	808934953
506	809670656
507	501941483
508	288760492
509	289011128
510	976496812
511	592823857
512	542581723
513	931097656
514	806911527
515	802771768
516	62135098
517	724564221
518	381750941
519	809016530
520	893776825
521	933942925
522	633539916
523	976433311
524	421408701
525	850045378
526	679553824
527	889545363
528	926255059
529	53384980
530	803486936
531	973275626
532	716868616
533	508970830
534	381257964
535	466650779
536	678908500
537	289361563
538	894327480
539	500264295
540	755865176
541	800804453
542	41909956
543	756941408
544	71431473
545	974729522
546	75301049
547	37530002
548	968487353
549	285891874
550	883685391
551	668518727
552	8461869
553	840975424
554	20961480
555	891480037
556	373101227
557	52254396
558	39343871
559	550582986
560	892975531
561	254404388
562	210153754
563	806673576
564	976627677
565	64385204
566	22568253
567	588685132
568	803875157
569	205424595
570	542326270
571	47503405
572	70998206
573	503821536
574	971891656
575	294030732
576	760568987
577	246911346
578	53255790
579	55439974
580	56261839
581	377837242
582	29825391
583	331572303
584	926446453
585	80043421
586	10091198
587	56573995
588	891020321
589	931380923
590	294669339
591	807924470
592	381367973
593	246679559
594	628571068
595	93149894
596	502292068
597	838690957
598	372959637
599	78287073
600	58948906
601	58184849
602	250046696
603	506476407
604	506691546
605	94036735
606	381511592
607	420088340
608	968818950
609	931237053
610	16264611
611	499961036
612	52936094
613	594676430
614	286620260
615	21791581
616	843067891
617	883481345
618	413811015
619	631897058
620	508805780
621	49044967
622	887336612
623	204814182
624	591858527
625	337126590
626	499299059
627	678877856
628	551558959
629	678818593
630	839308520
631	48151412
632	676009133
633	714734280
634	721175851
635	894243133
636	753928009
637	254191847
638	718035112
639	335287950
640	932763306
641	718913743
642	504778012
643	211353527
644	293122148
645	723453220
646	338623719
647	503078972
648	592379313
649	847593851
650	549462014
651	630481280
652	765809372
653	79728578
654	930113444
655	205489670
656	456090136
657	847053438
658	501199677
659	294261355
660	245524538
661	842663146
662	933013556
663	668903671
664	22795773
665	501108917
666	668134741
667	669062865
668	892314543
669	76190873
670	77658100
671	79416206
672	934536445
673	286449849
674	457005012
675	53491231
676	377413754
677	291551617
678	95465988
679	667791776
680	371156559
681	852305875
682	209297609
683	289311833
684	460374523
685	502757018
686	883505638
687	458993214
688	291049816
689	805127502
690	21911087
691	968975650
692	541714691
693	81805466
694	73862937
695	839718769
696	890010933
697	61753774
698	99139451
699	99160403
700	87432359
701	86525087
702	414611425
703	884497297
704	713187304
705	17514075
706	629429477
707	1930682
708	52614193
709	462929350
710	55381296
711	44195911
712	336561959
713	636709441
714	207261623
715	759137337
716	978340531
717	634189272
718	636791262
719	637044232
720	381836979
721	976575383
722	806728506
723	719334939
724	420819210
725	720462442
726	82121961
727	507720223
728	335281687
729	289608498
730	718786849
731	755567055
732	424244314
733	378610059
734	501109006
735	247506632
736	935399200
737	243526553
738	245788554
739	457165580
740	497901317
741	674288552
742	894885755
743	754186558
744	673531486
745	765794778
746	801581946
747	509423356
748	892493499
749	890892219
750	208020927
751	680702510
752	843912628
753	712802566
754	800546546
755	500674503
756	418969696
757	628174283
758	415249171
759	380425117
760	417789101
761	887488907
762	50219326
763	541488261
764	210218239
765	42548749
766	19509860
767	754874368
768	634273624
769	90393221
770	64289649
771	674556497
772	243797238
773	852432850
774	289966611
775	416138672
776	971053214
777	844769424
778	332254259
779	89447994
780	74431905
781	582863350
782	74962789
783	68704795
784	65191177
785	58310071
786	929550563
787	762367284
788	544456195
789	290440564
790	419099391
791	972830878
792	371129351
793	338338737
794	332942229
795	502072221
796	628300056
797	973236873
798	77402915
799	90469581
800	498060320
801	85378020
802	98288680
803	457297817
804	668538995
805	243498571
806	973957200
807	548322432
808	590361884
809	59046631
810	435071
811	1802633
812	70082755
813	4427873
814	676009004
815	806040102
816	378554030
817	462075053
818	972834280
819	717813899
820	754322223
821	416126690
822	371365801
823	883811780
824	797884002
825	764762429
826	91119729
827	552360135
828	211104263
829	631223821
830	632983172
831	250484505
832	590730155
833	634106474
834	378123878
835	335748983
836	682069174
837	758021872
838	979985118
839	549043468
840	376260442
841	894670588
842	456763441
843	210943640
844	211504125
845	936699090
846	762402983
847	627769782
848	680420542
849	808916796
850	373198408
851	932694410
852	847139765
853	331575086
854	296002544
855	505820720
856	797889596
857	593201247
858	885004154
859	338822755
860	423983280
861	551355415
862	766149810
863	852360509
864	424767607
865	678943810
866	937098132
867	206900978
868	720328569
869	888055409
870	97680789
871	715072164
872	930875112
873	288965756
874	289141912
875	886973762
876	416440477
877	626162714
878	56088493
879	884183802
880	67037117
881	540887495
882	629368617
883	630434753
884	631839449
885	589479472
886	713655259
887	331208086
888	458324392
889	544191757
890	206357426
891	416879918
892	591135781
893	972387952
894	296908781
895	673261303
896	632694517
897	4403016
898	207990862
899	371162874
900	77261463
901	97691630
902	969432140
903	888258765
904	20053192
905	329249768
906	289005374
907	800078641
908	55200553
909	71655901
910	71553512
911	631976756
912	379169632
913	585271136
914	931956034
915	541949745
916	670722041
917	424322924
918	88382477
919	803663380
920	200429296
921	76847212
922	53402702
923	582794017
924	756031522
925	372440886
926	29453888
927	8906849
928	23970977
929	588196228
930	20219699
931	78360772
932	14623642
933	50952302
934	202346233
935	53164724
936	54448065
937	504798270
938	54670543
939	66742826
940	60264752
941	57576780
942	249477395
943	48738034
944	79250711
945	90897408
946	844374809
947	672588752
948	973819069
949	798509985
950	631753073
951	887906134
952	57793581
953	98573665
954	70190506
955	839099858
956	70387743
957	672130548
958	248349617
959	886829000
960	979593016
961	287072951
962	78161410
963	671784675
964	753669185
965	371103236
966	62547946
967	62220034
968	338392819
969	593755248
970	636123350
971	380927774
972	82334331
973	762297067
974	680387559
975	845773924
976	252497863
977	766166185
978	850892798
979	380535571
980	423398226
981	80110342
982	625935942
983	719478069
984	886358660
985	91537843
986	77070096
987	329617380
988	503420506
989	636601387
990	418198091
991	799156960
992	756841914
993	971720329
994	289127922
995	929895439
996	499883411
997	630346967
998	583821981
999	371505735
1000	668813060
1001	583249505
1002	38692502
1003	967911310
1004	333765074
1005	883821618
1006	887089425
1007	297864335
1008	247942603
1009	289721424
1010	677420940
1011	798649899
1012	719205487
1013	459504420
1014	76504271
1015	70826791
1016	64028571
1017	584562402
1018	458340784
1019	254016519
1020	13869281
1021	57389360
1022	930796314
1023	842430939
1024	848398150
1025	418607947
1026	456404871
1027	39573474
1028	50086941
1029	380781449
1030	370526943
1031	24912229
1032	414859326
1033	681132328
1034	586711621
1035	840143752
1036	719280277
1037	680684520
1038	721839511
1039	246145584
1040	972660201
1041	247351957
1042	552052727
1043	723693357
1044	419429899
1045	509677870
1046	382488572
1047	852388056
1048	935649151
1049	467128730
1050	543411361
1051	848804105
1052	589548271
1053	583701449
1054	632460246
1055	412735025
1056	540006739
1057	767697519
1058	255114210
1059	372562047
1060	971230753
1061	418984401
1062	593003916
1063	466397782
1064	370487881
1065	423915626
1066	978147730
1067	851171584
1068	925113183
1069	81155080
1070	888978070
1071	334413159
1072	43514593
1073	416443079
1074	628945969
1075	670229380
1076	848004286
1077	544750723
1078	203734992
1079	633023271
1080	45355474
1081	627887782
1082	201104346
1083	507498114
1084	467229584
1085	381948921
1086	971932732
1087	57122970
1088	500989856
1089	756295514
1090	62149633
1091	252995866
1092	54873694
1093	978268637
1094	593227201
1095	87831183
1096	295763698
1097	253427252
1098	505684476
1099	373250821
1100	723162933
1101	680515533
1102	212185507
1103	724665276
1104	937361031
1105	933078867
1106	509788315
1107	719999081
1108	337963700
1109	583474765
1110	926230077
1111	336483172
1112	460216733
1113	929264576
1114	422570544
1115	212147195
1116	382133331
1117	248470322
1118	758785181
1119	254736430
1120	509160010
1121	466866444
1122	631242788
1123	382077578
1124	891525771
1125	211641217
1126	718869113
1127	247034499
1128	463188138
1129	378152628
1130	501575915
1131	36584587
1132	20649460
1133	67373586
1134	17777469
1135	722370177
1136	849890829
1137	634622936
1138	422393583
1139	464790127
1140	847567925
1141	680497920
1142	975314767
1143	723847741
1144	71667782
1145	716260651
1146	44062440
1147	73261928
1148	672504729
1149	459932607
1150	43352553
1151	414041642
1152	329310754
1153	461860828
1154	979387650
1155	39264970
1156	255350627
1157	809416362
1158	795460689
1159	758074673
1160	377365035
1161	932250150
1162	678356728
1163	59856454
1164	83130733
1165	332574247
1166	499602124
1167	3499717
1168	544330407
1169	290627046
1170	544056386
1171	583107842
1172	586313211
1173	378112444
1174	723099829
1175	370121945
1176	725161786
1177	884548699
1178	840793741
1179	83498012
1180	626332854
1181	669800369
1182	838472179
1183	628329481
1184	626149336
1185	887018679
1186	887077098
1187	508652461
1188	71672673
1189	755528461
1190	500042429
1191	202417984
1192	628371638
1193	96209297
1194	796968497
1195	885854372
1196	288531688
1197	55032427
1198	674158031
1199	717207105
1200	291776007
1201	293771485
1202	331350555
1203	291267897
1204	9386412
1205	589048605
1206	588388567
1207	550625198
1208	372729771
1209	584261622
1210	88157210
1211	97182664
1212	541985249
1213	847301163
1214	630888556
1215	254626960
1216	333926651
1217	930755793
1218	204383697
1219	803536198
1220	376034650
1221	248597152
1222	841347887
1223	377681410
1224	935587359
1225	851793653
1226	421898542
1227	466989712
1228	339512714
1229	209906265
1230	246707946
1231	633481344
1232	463089563
1233	331674496
1234	890193870
1235	975338450
1236	670235151
1237	291965950
1238	380051385
1239	803293878
1240	973321903
1241	296618335
1242	678899809
1243	377192896
1244	625870309
1245	717099647
1246	205578436
1247	244675777
1248	847931629
1249	883969040
1250	756587034
1251	626434231
1252	417041318
1253	74730066
1254	2015459
1255	61888613
1256	712327544
1257	670330342
1258	71694018
1259	800763851
1260	461669547
1261	498400978
1262	88852678
1263	838293171
1264	626276985
1265	340321779
1266	719068339
1267	295043303
1268	757592583
1269	502725487
1270	457821078
1271	548338849
1272	676488710
1273	933286062
1274	501569715
1275	423735691
1276	672649413
1277	846780341
1278	930335965
1279	977761608
1280	420365676
1281	420475671
1282	294084198
1283	335961544
1284	293412300
1285	76305576
1286	97719154
1287	294805592
1288	331843596
1289	971596090
1290	590785087
1291	418530933
1292	927544749
1293	455924849
1294	508240764
1295	254578115
1296	200209383
1297	840972401
1298	670882487
1299	895060491
1300	595024051
1301	762317071
1302	375669521
1303	930710109
1304	248187211
1305	933463849
1306	209078953
1307	332875137
1308	933820524
1309	501950287
1310	35186369
1311	759544314
1312	885534549
1313	592977965
1314	335718578
1315	334906760
1316	721259841
1317	250745356
1318	248263322
1319	839615985
1320	87539128
1321	927379890
1322	809125720
1323	679434041
1324	422681185
1325	933989049
1326	380413239
1327	935773230
1328	851244348
1329	378337921
1330	593877541
1331	548841693
1332	756302702
1333	501667040
1334	713721739
1335	799073505
1336	509308423
1337	98593977
1338	894383708
1339	61161543
1340	629894474
1341	424545610
1342	934940285
1343	461261867
1344	206668564
1345	200912185
1346	501358448
1347	933486495
1348	371455029
1349	245642455
1350	509431748
1351	679374511
1352	892562380
1353	19954214
1354	423935030
1355	548731579
1356	591205520
1357	251791552
1358	804226178
1359	590585794
1360	802716816
1361	100636128
1362	57943952
1363	967857145
1364	543735865
1365	714191891
1366	251138379
1367	718656483
1368	62654503
1369	332049695
1370	506458146
1371	542929138
1372	463273137
1373	42119690
1374	95934770
1375	92433615
1376	89840463
1377	972739720
1378	759088783
1379	26330298
1380	463930640
1381	211354322
1382	551248658
1383	419540269
1384	587282517
1385	587591501
1386	935956647
1387	808991551
1388	424238772
1389	62151672
1390	840872916
1391	499929876
1392	206023009
1393	585672581
1394	460216413
1395	417828964
1396	77932350
1397	59149105
1398	56668960
1399	204294632
1400	802219561
1401	546811069
1402	245753906
1403	842218282
1404	247054926
1405	672043200
1406	754776494
1407	754867931
1408	839344620
1409	935952566
1410	508705976
1411	380914296
1412	423682885
1413	680998405
1414	808728092
1415	288426962
1416	797935703
1417	246552275
1418	635726261
1419	590896600
1420	710227465
1421	804524535
1422	798546041
1423	372392142
1424	721075047
1425	888684864
1426	760877636
1427	640108126
1428	891346460
1429	421068501
1430	724035686
1431	887090532
1432	49787368
1433	806264265
1434	335018802
1435	765152564
1436	626848275
1437	249652921
1438	75894343
1439	78446826
1440	800789911
1441	542649225
1442	97060259
1443	464687742
1444	50368171
1445	499343549
1446	329333522
1447	801451042
1448	90252550
1449	455449995
1450	634779551
1451	422012164
1452	680284100
1453	929795452
1454	43437716
1455	54527840
1456	93887295
1457	375096249
1458	673678875
1459	287677307
1460	761176171
1461	720429982
1462	247586006
1463	291781218
1464	840473555
1465	540202155
1466	545781272
1467	507176423
1468	755483529
1469	979508094
1470	415411685
1471	752697333
1472	839220665
1473	674332406
1474	202636064
1475	969911278
1476	757414522
1477	414392923
1478	762836702
1479	54792920
1480	543100855
1481	850599048
1482	502907079
1483	85928664
1484	291107005
1485	463200682
1486	252440439
1487	634930732
1488	327753722
1489	795387347
1490	843843269
1491	86435865
1492	970745369
1493	84859088
1494	204411761
1495	846411678
1496	508386632
1497	758281407
1498	974436549
1499	716772278
1500	334440322
1501	801097105
1502	246395217
1503	243301769
1504	94766342
1505	717648370
1506	719062741
1507	890725002
1508	379502985
1509	588913368
1510	98339878
1511	297086947
1512	424472900
1513	508051802
1514	378862208
1515	635535291
1516	722661361
1517	292917399
1518	10623868
1519	85693304
1520	140247
1521	753430739
1522	38726978
1523	670028748
1524	722824643
1525	252146197
1526	755898059
1527	37808675
1528	796388827
1529	926420044
1530	671156011
1531	417828454
1532	248350926
1533	756670286
1534	758054286
1535	885299521
1536	503090922
1537	373754456
1538	840201707
1539	205061946
1540	846473418
1541	930482296
1542	590954398
1543	339733915
1544	19663686
1545	933989130
1546	667510015
1547	460688484
1548	925057638
1549	464231187
1550	297112533
1551	465829281
1552	546716784
1553	806159299
1554	723981451
1555	506918909
1556	764257535
1557	806410667
1558	336450616
1559	421323196
1560	633515218
1561	548963086
1562	205989779
1563	847035012
1564	67421552
1565	44131627
1566	374405443
1567	845956839
1568	82876721
1569	766367728
1570	593611823
1571	509287338
1572	87048387
1573	632053694
1574	633831652
1575	719349268
1576	676957551
1577	248974681
1578	587082828
1579	925975543
1580	455963252
1581	752652549
1582	837623967
1583	625296007
1584	841027030
1585	83797578
1586	80952169
1587	82292374
1588	841430385
1589	464279250
1590	87883138
1591	45319860
1592	882929721
1593	809126579
1594	74705654
1595	39266417
1596	202012039
1597	507476068
1598	243640073
1599	456265349
1600	243419925
1601	883809894
1602	286027475
1603	201176771
1604	25796191
1605	243706162
1606	679973020
1607	668901835
1608	590157888
1609	541325407
1610	715473465
1611	758037712
1612	291874729
1613	252374637
1614	977249521
1615	892140805
1616	295515612
1617	850474686
1618	978201870
1619	244104329
1620	332085581
1621	838013975
1622	419831187
1623	843120407
1624	87006922
1625	250363192
1626	244105452
1627	543633531
1628	53106064
1629	246220239
1630	338768933
1631	499248856
1632	678020184
1633	799348411
1634	754675916
1635	671357247
1636	79967412
1637	86135560
1638	247388162
1639	933105698
1640	713661160
1641	886340712
1642	331285131
1643	971352262
1644	798784309
1645	465934610
1646	420522122
1647	500792768
1648	588448700
1649	541419866
1650	57263490
1651	55828837
1652	674444593
1653	678949403
1654	29375708
1655	7877174
1656	11783430
1657	63714627
1658	464499958
1659	978297128
1660	421333830
1661	378802860
1662	80899952
1663	423715939
1664	805514933
1665	625626428
1666	416686490
1667	970495249
1668	889334701
1669	457948780
1670	890961257
1671	676333067
1672	848742135
1673	890652462
1674	627029221
1675	206412711
1676	290896442
1677	463095787
1678	421669711
1679	849158730
1680	848703050
1681	765715216
1682	681453096
1683	466618931
1684	423705636
1685	935850218
1686	211251561
1687	764593545
1688	504035899
1689	201090543
1690	795714519
1691	753400775
1692	200999730
1693	460236189
1694	77177248
1695	89061385
1696	499004692
1697	497527372
1698	974634278
1699	672699117
1700	631585447
1701	73081036
1702	376323995
1703	498540083
1704	626537598
1705	584036264
1706	636908378
1707	711074114
1708	331936724
1709	286736053
1710	253259778
1711	466085768
1712	45072552
1713	329069729
1714	626994803
1715	48032500
1716	91365301
1717	329500286
1718	969493031
1719	629399463
1720	756924489
1721	42024281
1722	967752406
1723	752631362
1724	935385341
1725	288329570
1726	549955942
1727	8310833
1728	934641180
1729	590883346
1730	293489442
1731	96048199
1732	630562014
1733	330380064
1734	930976269
1735	803153469
1736	546413682
1737	418925826
1738	846294037
1739	673897585
1740	714149469
1741	501725234
1742	374103745
1743	10093143
1744	208581190
1745	970731557
1746	800520765
1747	48873286
1748	37425901
1749	625565489
1750	753106133
1751	754600267
1752	882527709
1753	61602400
1754	593682714
1755	550841335
1756	935585754
1757	935627875
1758	593675926
1759	808164628
1760	724636880
1761	842730877
1762	335254739
1763	584951212
1764	377611085
1765	933596027
1766	253706736
1767	380831302
1768	583186748
1769	375248457
1770	889091413
1771	753232238
1772	800666706
1773	374480164
1774	506219218
1775	893752779
1776	636305879
1777	543540075
1778	973447868
1779	757758524
1780	21708728
1781	587478354
1782	508826856
1783	19578689
1784	423829489
1785	380796776
1786	678780837
1787	252396594
1788	502354197
1789	210843337
1790	796901602
1791	592049217
1792	807459957
1793	252087857
1794	891347111
1795	765677997
1796	892208276
1797	892651568
1798	765161121
1799	805021818
1800	753807433
1801	843569000
1802	52578158
1803	753216550
1804	587858768
1805	332405748
1806	416230628
1807	972423238
1808	544555665
1809	332765852
1810	631537224
1811	67395871
1812	297133413
1813	893105367
1814	806547418
1815	4508920
1816	753716596
1817	590081079
1818	14958708
1819	851618961
1820	551712691
1821	932039215
1822	87031481
1823	40241240
1824	48063586
1825	35325227
1826	36290052
1827	46981342
1828	332468570
1829	714460109
1830	418817050
1831	503554460
1832	58420618
1833	23462415
1834	332313871
1835	290227244
1836	85913348
1837	85819870
1838	89115734
1839	63212179
1840	80691561
1841	885847958
1842	338304031
1843	93882662
1844	668140731
1845	497981489
1846	291365294
1847	285503078
1848	78619305
1849	419156572
1850	246444717
1851	505635399
1852	846772872
1853	291013614
1854	249678683
1855	673231047
1856	85254404
1857	202922821
1858	593952204
1859	294967651
1860	200897860
1861	209454281
1862	13949542
1863	94688153
1864	8661067
1865	100183768
1866	977200988
1867	848274064
1868	548285834
1869	805515536
1870	590759071
1871	378033714
1872	508839073
1873	421635930
1874	933124830
1875	24058884
1876	99546586
1877	207027678
1878	848067777
1879	629440964
1880	757252439
1881	207197103
1882	847090895
1883	212515473
1884	805821445
1885	459016920
1886	250471711
1887	723012214
1888	971771928
1889	932308545
1890	889051795
1891	290624036
1892	28483668
1893	628291950
1894	209181444
1895	295596597
1896	423236553
1897	767075185
1898	80172993
1899	976307579
1900	973053899
1901	766515142
1902	851863558
1903	681748086
1904	593772310
1905	894017956
1906	338562168
1907	419497424
1908	718804245
1909	421510897
1910	336057745
1911	293249924
1912	548107948
1913	420670110
1914	540614749
1915	91080727
1916	972562672
1917	419883657
1918	969104145
1919	334282673
1920	371852938
1921	60180717
1922	838165020
1923	682477048
1924	584577923
1925	80538697
1926	64452200
1927	61307024
1928	498460141
1929	84442949
1930	752853215
1931	96006132
1932	88674288
1933	82660778
1934	419292100
1935	679099521
1936	976707879
1937	253962104
1938	720127393
1939	930026163
1940	460233869
1941	290139897
1942	420441519
1943	462066096
1944	500475741
1945	633014559
1946	978439228
1947	507718955
1948	247454311
1949	673053315
1950	292142256
1951	506356163
1952	378663885
1953	926012694
1954	22028401
1955	201127842
1956	583917082
1957	637607024
1958	809620387
1959	509750640
1960	552947063
1961	637550135
1962	381071182
1963	251060467
1964	455001620
1965	627731904
1966	975749849
1967	333897741
1968	973420191
1969	97288855
1970	98395097
1971	93933332
1972	588134202
1973	628747534
1974	802840810
1975	930264648
1976	796923881
1977	289715004
1978	68907422
1979	807973706
1980	337061911
1981	677844186
1982	680242237
1983	934013434
1984	633973694
1985	764049535
1986	676595843
1987	767303533
1988	681463218
1989	636246406
1990	253647218
1991	338221825
1992	635490564
1993	891128466
1994	248121870
1995	504616144
1996	331672685
1997	759290459
1998	71681931
1999	540409805
2000	297496622
2001	382251583
2002	415568855
2003	58825136
2004	967668172
2005	74948556
2006	60216548
2007	712865793
2008	417266671
2009	64672371
2010	254059362
2011	760865031
2012	381582624
2013	974047959
2014	249491418
2015	974714569
2016	292237873
2017	889659963
2018	839732114
2019	245609805
2020	627810109
2021	85163377
2022	974208443
2023	547718921
2024	55314374
2025	713312837
2026	57012631
2027	56731776
2028	883762964
2029	975175463
2030	63789384
2031	294608361
2032	77327100
2033	717241153
2034	759729962
2035	932027600
2036	339753599
2037	852495270
2038	502461390
2039	936811315
2040	339809817
2041	509930212
2042	935664979
2043	65310002
2044	89812768
2045	87837669
2046	88730880
2047	583536911
2048	754425975
2049	668493411
2050	807999600
2051	42021723
2052	971600264
2053	329963647
2054	672613354
2055	254505557
2056	379020401
2057	551841790
2058	80313119
2059	467256437
2060	715608053
2061	795789730
2062	19077372
2063	64971837
2064	974964182
2065	371600630
2066	21832186
2067	808634988
2068	336919338
2069	333806484
2070	974304968
2071	889649010
2072	974738337
2073	5804414
2074	249870061
2075	929640989
2076	334922742
2077	721161284
2078	806935133
2079	64587672
2080	504150681
2081	802364494
2082	847365402
2083	844292038
2084	717659356
2085	505318405
2086	251038758
2087	932528803
2088	973945375
2089	23594412
2090	937010936
2091	679213136
2092	680501554
2093	380624269
2094	415192383
2095	842503580
2096	935950496
2097	508302228
2098	635839737
2099	465918532
2100	808819666
2101	22643772
2102	71208550
2103	58962449
2104	48554690
2105	95761197
2106	63195931
2107	465891376
2108	593296661
2109	208146820
2110	201953617
2111	206620103
2112	627676492
2113	633507373
2114	893407641
2115	67416905
2116	679070079
2117	502502425
2118	205837867
2119	760752656
2120	888207634
2121	760965680
2122	503576353
2123	331417070
2124	888290730
2125	976022127
2126	889975111
2127	588197269
2128	290320384
2129	500649408
2130	336276653
2131	249393289
2132	629648387
2133	931906681
2134	14821232
2135	973817627
2136	720628602
2137	800576090
2138	206108684
2139	96085925
2140	885603712
2141	753937729
2142	766853618
2143	80385510
2144	14029386
2145	24800192
2146	420206794
2147	849599818
2148	845773188
2149	887385534
2150	931280443
2151	56714491
2152	887898486
2153	802617076
2154	712006057
2155	974286837
2156	975760113
2157	714545774
2158	506617601
2159	722220340
2160	587269007
2161	672434073
2162	9542062
2163	8837494
2164	925079903
2165	588130912
2166	243807369
2167	838425718
2168	497937605
2169	547688605
2170	211872775
2171	767599240
2172	753580622
2173	205610134
2174	803097325
2175	37357687
2176	42157884
2177	32659517
2178	80962099
2179	38369360
2180	285445173
2181	884263449
2182	500217572
2183	628595027
2184	371378834
2185	884008777
2186	927445041
2187	839021567
2188	328962838
2189	711487525
2190	724927828
2191	500856417
2192	767306703
2193	204685957
2194	25628082
2195	247058191
2196	681965832
2197	973239486
2198	753651202
2199	84510492
2200	243677781
2201	798981063
2202	628828962
2203	61511488
2204	60604193
2205	74381123
2206	710125501
2207	8309380
2208	415849654
2209	717685951
2210	667633242
2211	245630883
2212	716381600
2213	631262636
2214	931341034
2215	70816390
2216	76135906
2217	766138791
2218	374512552
2219	417105280
2220	625921430
2221	498744134
2222	455479843
2223	711189275
2224	286151708
2225	753280055
2226	243457949
2227	243263468
2228	588124997
2229	505880667
2230	715794546
2231	250682494
2232	720638898
2233	547417425
2234	83619032
2235	370172873
2236	678029649
2237	807115249
2238	67390947
2239	17735082
2240	75337778
2241	628308922
2242	848069058
2243	893034407
2244	593305688
2245	339748009
2246	937074
2247	636808050
2248	463952774
2249	969618428
2250	715152460
2251	936427587
2252	723871188
2253	593713575
2254	338630143
2255	592602017
2256	295854266
2257	545835713
2258	252907495
2259	797497887
2260	838072533
2261	667720665
2262	96842684
2263	714900419
2264	673644143
2265	979821099
2266	801742633
2267	929125466
2268	797500958
2269	83540698
2270	28928376
2271	926002466
2272	763746264
2273	585277905
2274	712689157
2275	245318783
2276	415169415
2277	417958718
2278	249891762
2279	207310431
2280	804165954
2281	546636771
2282	889202703
2283	977887245
2284	893814664
2285	373188045
2286	796831011
2287	286773518
2288	716609014
2289	206796729
2290	885593601
2291	840659228
2292	210714988
2293	338271123
2294	292592074
2295	207564941
2296	631901825
2297	208619062
2298	589117141
2299	460701758
2300	894924822
2301	801617966
2302	335545476
2303	501508835
2304	60624596
2305	99686818
2306	721045110
2307	586216882
2308	756570972
2309	68206656
2310	40223055
2311	504685409
2312	838161559
2313	54694323
2314	549183110
2315	207424468
2316	503632746
2317	203720471
2318	23459402
2319	244763657
2320	82696755
2321	248846924
2322	63159038
2323	371306381
2324	884632110
2325	61171791
2326	54451634
2327	76592877
2328	806844660
2329	849589248
2330	634267845
2331	464044253
2332	295148366
2333	548854341
2334	67981652
2335	294918962
2336	380256330
2337	507212199
2338	504535570
2339	371466434
2340	423375900
2341	50421270
2342	66503669
2343	90144162
2344	205920027
2345	375810015
2346	760023796
2347	845432919
2348	766539372
2349	633582743
2350	67973647
2351	14606237
2352	972285428
2353	672675386
2354	883978756
2355	3267934
2356	82134612
2357	85241898
2358	85067181
2359	85302896
2360	85322448
2361	85184648
2362	28203478
2363	414987440
2364	546629526
2365	926537908
2366	889761937
2367	467560240
2368	795250077
2369	13633762
2370	9094662
2371	541184190
2372	253693603
2373	498302348
2374	799784788
2375	53474699
2376	673411162
2377	755121572
2378	77443093
2379	56247223
2380	89907840
2381	13694408
2382	40735014
2383	60779019
2384	53384499
2385	252228352
2386	723241283
2387	292712932
2388	625875520
2389	288818769
2390	677851665
2391	671427585
2392	455731272
2393	329349812
2394	801011547
2395	73244500
2396	976157028
2397	585150779
2398	501072390
2399	331102169
2400	891382953
2401	679900376
2402	936643725
2403	288346634
2404	585545432
2405	585054259
2406	97898424
2407	797925229
2408	585479565
2409	331309988
2410	60026206
2411	628932205
2412	979747406
2413	509524777
2414	253590617
2415	296744686
2416	86200860
2417	210491251
2418	380228772
2419	722269558
2420	968186087
2421	465262092
2422	883883910
2423	885313141
2424	49055016
2425	371502683
2426	636305300
2427	207850096
2428	425080408
2429	935499228
2430	381869439
2431	334811409
2432	379256643
2433	424992864
2434	254846792
2435	466048011
2436	251550419
2437	633759011
2438	293374466
2439	207039224
2440	756448093
2441	936811964
2442	679502935
2443	679428344
2444	766841385
2445	591656364
2446	800607243
2447	933176029
2448	498348703
2449	377755181
2450	851294990
2451	795526314
2452	211875171
2453	846263048
2454	463030089
2455	795510923
2456	890506750
2457	547022609
2458	290529099
2459	636435681
2460	722569474
2461	286853125
2462	926067528
2463	65714420
2464	502719033
2465	206320884
2466	292078652
2467	506722246
2468	418245272
2469	804516901
2470	334731336
2471	463142131
2472	929395043
2473	423636391
2474	884346888
2475	712188706
2476	423282844
2477	838341578
2478	713851145
2479	540299083
2480	96016267
2481	582699374
2482	80216943
2483	79936752
2484	14688980
2485	670845259
2486	418968494
2487	34722372
2488	838481362
2489	845622379
2490	882635797
2491	883364226
2492	925554218
2493	840689288
2494	544431721
2495	94864383
2496	249951301
2497	547123396
2498	674347002
2499	504391811
2500	846910124
2501	759378798
2502	636320803
2503	766738701
2504	50400052
2505	51288306
2506	67872012
2507	882578763
2508	68762396
2509	76868441
2510	586474452
2511	246619101
2512	633434358
2513	200928765
2514	422130230
2515	544834586
2516	244158387
2517	456547761
2518	969025540
2519	838956524
2520	99537861
2521	884037957
2522	81135301
2523	416550704
2524	885305336
2525	884627244
2526	669651391
2527	499067116
2528	57180723
2529	412840373
2530	7981966
2531	797980861
2532	89308421
2533	88497174
2534	89206902
2535	94889965
2536	88271471
2537	971546543
2538	36584276
2539	755214300
2540	66823289
2541	200959990
2542	716073572
2543	797764528
2544	252934607
2545	892366896
2546	423463195
2547	766327326
2548	211037964
2549	206914160
2550	415368981
2551	540039113
2552	203623028
2553	503434298
2554	49904084
2555	808837297
2556	289635428
2557	292172215
2558	455305463
2559	679849738
2560	676820727
2561	764324087
2562	764482369
2563	374717864
2564	16839894
2565	455458709
2566	67509880
2567	202498128
2568	252295999
2569	710238756
2570	887297786
2571	840232433
2572	460851532
2573	245605840
2574	762894657
2575	674708369
2576	932622738
2577	376940772
2578	631967397
2579	846944016
2580	674276989
2581	547075352
2582	64153401
2583	926971187
2584	804061660
2585	590861233
2586	244190768
2587	798266814
2588	799377922
2589	541549574
2590	718553204
2591	211583865
2592	929012807
2593	800531783
2594	968548115
2595	503026996
2596	332983321
2597	204622545
2598	851456999
2599	338896259
2600	288114120
2601	57005421
2602	925266780
2603	4146791
2604	42717196
2605	929515181
2606	806048828
2607	846246409
2608	977912630
2609	850964012
2610	288722275
2611	934935738
2612	713495682
2613	927002881
2614	631924575
2615	926779731
2616	978677249
2617	423165405
2618	380816240
2619	5715883
2620	721344753
2621	209909877
2622	975309082
2623	762899116
2624	464702098
2625	806110798
2626	669034578
2627	285457352
2628	667877647
2629	205024692
2630	252965168
2631	719828566
2632	978916412
2633	499595070
2634	669303129
2635	969143760
2636	839166634
2637	754214408
2638	499444651
2639	243792605
2640	370950269
2641	626637227
2642	371805180
2643	840238487
2644	796586921
2645	371534726
2646	288062738
2647	74091003
2648	7304212
2649	202349087
2650	80231519
2651	77934749
2652	79511683
2653	676716331
2654	930231227
2655	630105965
2656	585101379
2657	289214310
2658	330135266
2659	754407695
2660	75836877
2661	455560445
2662	762097162
2663	335679753
2664	378050687
2665	933342666
2666	625772439
2667	461833099
2668	64022113
2669	60411826
2670	837727996
2671	8136635
2672	636601471
2673	19035696
2674	253915943
2675	327880448
2676	673958103
2677	43494970
2678	40541750
2679	27260783
2680	968131300
2681	34217555
2682	287058205
2683	287329810
2684	456521257
2685	590882493
2686	882706330
2687	799570916
2688	627002151
2689	671216480
2690	373599305
2691	935991277
2692	243679727
2693	753693272
2694	541192249
2695	668673232
2696	883726194
2697	28664294
2698	754837330
2699	585117646
2700	412592599
2701	845609995
2702	73467939
2703	840334548
2704	83478038
2705	328762934
2706	667948717
2707	78881578
2708	589802827
2709	839345667
2710	43975867
2711	586264706
2712	459021300
2713	290689531
2714	715470460
2715	466321571
2716	248437182
2717	466319257
2718	329168322
2719	634011964
2720	74659143
2721	629517212
2722	594823216
2723	57738386
2724	724636736
2725	509698779
2726	377469798
2727	592100355
2728	376550777
2729	933087644
2730	585807662
2731	969435898
2732	73839104
2733	753453441
2734	885696198
2735	884039112
2736	713637777
2737	968598606
2738	7450399
2739	7573226
2740	893233820
2741	935853975
2742	419618973
2743	765311270
2744	672199696
2745	848047594
2746	68767286
2747	69318645
2748	29946309
2749	243598872
2750	503775990
2751	246550214
2752	204918661
2753	845670769
2754	806722530
2755	840810225
2756	932667721
2757	68589047
2758	455247358
2759	504200524
2760	846682609
2761	679728911
2762	88483558
2763	286090170
2764	668978005
2765	60377969
2766	73987522
2767	421972020
2768	507054330
2769	423164356
2770	723310279
2771	295706214
2772	425093394
2773	589023952
2774	71650469
2775	413557650
2776	838584500
2777	25243604
2778	7886131
2779	251173169
2780	928646881
2781	286781445
2782	202163770
2783	286170930
2784	546597710
2785	634079986
2786	540965419
2787	96994103
2788	502184703
2789	209255187
2790	461228862
2791	968064096
2792	25209063
2793	925995582
2794	206103204
2795	838937106
2796	43368338
2797	635104339
2798	884175765
2799	10601177
2800	508093668
2801	374514104
2802	381183049
2803	294864221
2804	378208726
2805	292649186
2806	331004258
2807	467360449
2808	884332768
2809	626627515
2810	414718557
2811	670034236
2812	971108110
2813	586549798
2814	97911484
2815	47330833
2816	967764206
2817	370186695
2818	332852719
2819	587804014
2820	290124358
2821	545699850
2822	715684336
2823	460858797
2824	680637922
2825	849204916
2826	48398215
2827	457634155
2828	74753282
2829	205109973
2830	59500262
2831	78976726
2832	92127864
2833	285469818
2834	329362700
2835	335817355
2836	77146115
2837	626611336
2838	632064755
2839	846968662
2840	245059256
2841	498107931
2842	96630721
2843	90997612
2844	84040588
2845	582808948
2846	289876781
2847	57588055
2848	497876082
2849	974078248
2850	935557450
2851	254762800
2852	809014554
2853	466013817
2854	549276176
2855	851160461
2856	889730354
2857	547190447
2858	722323387
2859	40318274
2860	587911991
2861	287567924
2862	69561555
2863	888214297
2864	973538900
2865	292702946
2866	499485275
2867	81754394
2868	978350115
2869	460342438
2870	465157509
2871	884663241
2872	23856134
2873	801949112
2874	540991193
2875	20146181
2876	715133133
2877	979095318
2878	722123621
2879	721837703
2880	839063655
2881	68031223
2882	210741255
2883	210978880
2884	210504190
2885	765557824
2886	507724181
2887	629368074
2888	550964283
2889	338765366
2890	851346254
2891	466645182
2892	421517466
2893	504150024
2894	293099252
2895	371005178
2896	499467945
2897	584756583
2898	329600584
2899	43511859
2900	802246791
2901	67698784
2902	335011796
2903	332052120
2904	591466263
2905	849223824
2906	502987670
2907	804280798
2908	845036434
2909	716523397
2910	330055203
2911	976932013
2912	851881510
2913	678023759
2914	756424689
2915	418702384
2916	667776083
2917	548010280
2918	719658237
2919	892085338
2920	721551362
2921	379792701
2922	507370381
2923	549851372
2924	976777477
2925	972439394
2926	724941029
2927	673842144
2928	60285077
2929	807107202
2930	294605261
2931	81160451
2932	50962281
2933	331643946
2934	585934643
2935	758248083
2936	680779542
2937	78677717
2938	808234236
2939	592898762
2940	381316365
2941	722174824
2942	807592054
2943	416545484
2944	720201906
2945	551633509
2946	211332802
2947	508709785
2948	381224185
2949	934102305
2950	381019140
2951	721492392
2952	799453146
2953	248461632
2954	591674689
2955	584202140
2956	842888328
2957	891298977
2958	379011942
2959	806567154
2960	979666180
2961	679084494
2962	205559508
2963	509899547
2964	85707154
2965	540721493
2966	584382992
2967	288846631
2968	760988975
2969	6482189
2970	761748186
2971	333608931
2972	849720519
2973	45600579
2974	593946881
2975	972533646
2976	978916242
2977	676419824
2978	540847268
2979	631362863
2980	57779886
2981	722867363
2982	550734765
2983	846200253
2984	461029278
2985	757197414
2986	19716936
2987	70836260
2988	76845612
2989	795919335
2990	81758979
2991	544257210
2992	455218408
2993	66164896
2994	87714610
2995	592252545
2996	245737502
2997	374937871
2998	376004085
2999	371159825
3000	846713648
3001	712177928
3002	413632407
3003	85069768
3004	414039986
3005	667970781
3006	886381063
3007	498057645
3008	61524523
3009	412965354
3010	502004173
3011	370155656
3012	505450913
3013	975427137
3014	462954968
3015	677100052
3016	551706930
3017	763334941
3018	68480608
3019	764239607
3020	70865396
3021	76023176
3022	201007990
3023	760603491
3024	86305341
3025	968394582
3026	589370282
3027	753942260
3028	286784954
3029	462397306
3030	466583392
3031	23574745
3032	246297832
3033	543198225
3034	756031942
3035	970008898
3036	800658102
3037	254102874
3038	724136349
3039	541572901
3040	582687747
3041	763047351
3042	59609396
3043	499905298
3044	330741013
3045	763079162
3046	79960613
3047	371639585
3048	82077537
3049	799752245
3050	200938325
3051	925843368
3052	883426130
3053	64956982
3054	670067172
3055	244449402
3056	457505262
3057	929635101
3058	57297395
3059	716084773
3060	40775666
3061	288228882
3062	548330466
3063	720837280
3064	36184939
3065	505811465
3066	933076405
3067	975563774
3068	716082209
3069	851400286
3070	211697553
3071	753366758
3072	805082207
3073	755632287
3074	456535811
3075	807126427
3076	372697798
3077	797680562
3078	329974901
3079	719379022
3080	295878933
3081	929810710
3082	371973515
3083	378713306
3084	763253206
3085	421825876
3086	848944103
3087	626788484
3088	718418527
3089	843348695
3090	542443505
3091	246478963
3092	416588736
3093	716809409
3094	23238797
3095	290585131
3096	413776069
3097	499023396
3098	933911593
3099	677917889
3100	765166372
3101	754053870
3102	927233673
3103	23429755
3104	423693256
3105	371462674
3106	936042131
3107	552213115
3108	420741914
3109	550367492
3110	681719392
3111	894286593
3112	893902036
3113	338640879
3114	894095914
3115	809120760
3116	723721660
3117	636024894
3118	593931358
3119	668454719
3120	292844892
3121	717626112
3122	466652750
3123	890319308
3124	66300770
3125	973267979
3126	762914135
3127	288298499
3128	330470379
3129	419056919
3130	975188092
3131	419400760
3132	842187361
3133	423401564
3134	420175142
3135	420404082
3136	379114832
3137	246120005
3138	370051774
3139	416272026
3140	806842555
3141	86892240
3142	333760959
3143	26773174
3144	804608632
3145	762860322
3146	287901907
3147	584048370
3148	969162999
3149	415134505
3150	757745385
3151	371344186
3152	795243856
3153	370149592
3154	802043759
3155	718660930
3156	39021308
3157	500711562
3158	628330267
3159	90539918
3160	625236873
3161	497819848
3162	243520670
3163	96032734
3164	634528560
3165	753168049
3166	884458207
3167	715169773
3168	462577233
3169	626860765
3170	838940425
3171	330452246
3172	800068852
3173	414491326
3174	845553107
3175	243466602
3176	200865877
3177	710836552
3178	632150410
3179	456642721
3180	16659428
3181	330386331
3182	67684497
3183	583669170
3184	721966197
3185	671565309
3186	18602435
3187	95609551
3188	76944906
3189	99630323
3190	634467146
3191	462639618
3192	252531939
3193	63821762
3194	80355462
3195	332202171
3196	796266286
3197	75949926
3198	7375408
3199	61465793
3200	674255980
3201	970689374
3202	334058814
3203	79972515
3204	837894963
3205	83945236
3206	78148575
3207	89352640
3208	713266708
3209	803555012
3210	543578722
3211	503113045
3212	724467296
3213	333253693
3214	930204020
3215	672722743
3216	545245547
3217	630315239
3218	977923903
3219	542126476
3220	85104884
3221	632728973
3222	291023375
3223	6837938
3224	883098205
3225	419240285
3226	414877387
3227	628753966
3228	541600941
3229	762128722
3230	58087181
3231	59842100
3232	802985688
3233	203934104
3234	332725847
3235	339046513
3236	975245079
3237	293983055
3238	808233496
3239	635935484
3240	757387279
3241	718078698
3242	842481287
3243	678089581
3244	759979646
3245	681378887
3246	936154595
3247	296700200
3248	293402163
3249	848365113
3250	848314221
3251	763159108
3252	848665794
3253	420907953
3254	925913983
3255	5324191
3256	970321377
3257	800319681
3258	583015612
3259	542709986
3260	245372589
3261	682623785
3262	509993003
3263	381969319
3264	979753653
3265	587487929
3266	635092760
3267	682320658
3268	979229472
3269	43378352
3270	978515800
3271	551503258
3272	767269914
3273	936552472
3274	627374880
3275	892537180
3276	547759101
3277	585363317
3278	96216185
3279	842406270
3280	414663363
3281	633979085
3282	55075247
3283	675116256
3284	804646625
3285	848604132
3286	58715382
3287	593430193
3288	808159785
3289	465674615
3290	423402385
3291	799486357
3292	96737547
3293	805510655
3294	810087162
3295	548707624
3296	378726160
3297	202221607
3298	583396888
3299	56220768
3300	29262227
3301	31870860
3302	53525985
3303	841185238
3304	926250028
3305	20648150
3306	56910750
3307	290788665
3308	379893196
3309	797740651
3310	548682415
3311	669198242
3312	374795416
3313	504439272
3314	761808013
3315	931722074
3316	886617525
3317	545969323
3318	936064412
3319	379587527
3320	680246043
3321	60319320
3322	633752831
3323	926394516
3324	334506303
3325	249813679
3326	419719763
3327	376130240
3328	291677
3329	808564430
3330	927116037
3331	96220613
3332	96302837
3333	70577843
3334	970727885
3335	840556906
3336	925175583
3337	967518293
3338	86596082
3339	80713692
3340	416806097
3341	501359309
3342	586311963
3343	93568915
3344	499103883
3345	95526004
3346	804120330
3347	461775435
3348	413306248
3349	463186882
3350	761698763
3351	337851793
3352	795363391
3353	372626283
3354	75171730
3355	716075172
3356	421709747
3357	501293220
3358	805459506
3359	978307215
3360	718717580
3361	93661354
3362	710779375
3363	421119746
3364	625188518
3365	421443587
3366	587185083
3367	506317980
3368	974142521
3369	463540967
3370	58287523
3371	937889264
3372	423060502
3373	70968085
3374	62415468
3375	113221
3376	304590
3377	82766716
3378	540465068
3379	968649736
3380	243226964
3381	640071132
3382	594446952
3383	810205325
3384	979681175
3385	895032768
3386	297483311
3387	894823657
3388	467733892
3389	295786873
3390	680965542
3391	551054073
3392	716410830
3393	712462572
3394	931069585
3395	932617808
3396	671089603
3397	796615376
3398	584181613
3399	765164008
3400	586328703
3401	714635117
3402	290729479
3403	932783049
3404	804741143
3405	804501578
3406	975502888
3407	462117283
3408	498487886
3409	90181132
3410	70077800
3411	763829482
3412	89971591
3413	967804855
3414	675818792
3415	626063916
3416	667518834
3417	90308056
3418	74323258
3419	244574311
3420	244376178
3421	934198359
3422	83684083
3423	90142725
3424	629673028
3425	91003840
3426	89583881
3427	89403596
3428	90235396
3429	845729553
3430	422902313
3431	372717842
3432	291435574
3433	760137217
3434	338264816
3435	338305856
3436	635507171
3437	252581692
3438	582705095
3439	499067183
3440	416518479
3441	627797950
3442	806402455
3443	809364864
3444	669469777
3445	935897895
3446	973653762
3447	380814100
3448	808810545
3449	631636116
3450	715292002
3451	466807006
3452	500451024
3453	373203831
3454	245698693
3455	413867250
3456	248342313
3457	723045799
3458	590290931
3459	93628627
3460	27380288
3461	423916060
3462	852167589
3463	253639913
3464	583601381
3465	975014908
3466	720056138
3467	377740429
3468	30396107
3469	591803671
3470	723271622
3471	375705220
3472	934265130
3473	209723891
3474	723839617
3475	462838971
3476	627506630
3477	509756677
3478	339392124
3479	894768349
3480	205474179
3481	633029867
3482	378729428
3483	712734484
3484	845477745
3485	459808318
3486	66499284
3487	587494217
3488	458899783
3489	81865219
3490	801842757
3491	79676161
3492	80100432
3493	82014020
3494	66494053
3495	74023918
3496	500726637
3497	504891626
3498	71575191
3499	421148877
3500	848898861
3501	933499607
3502	766130130
3503	711054632
3504	809106144
3505	759623929
3506	973371882
3507	503723029
3508	681816913
3509	837523881
3510	296593020
3511	379228791
3512	851411258
3513	3241350
3514	764314749
3515	884438136
3516	35598049
3517	935333297
3518	31267256
3519	849591635
3520	306073
3521	91374677
3522	498591575
3523	84207161
3524	93534112
3525	84767176
3526	87052933
3527	85173364
3528	84821748
3529	84792893
3530	626305853
3531	89369583
3532	93241586
3533	98278740
3534	895121302
3535	974680996
3536	504655861
3537	717759747
3538	64626709
3539	60400439
3540	591141004
3541	253979505
3542	679934407
3543	809317378
3544	594001983
3545	681923901
3546	968499570
3547	328665496
3548	804230788
3549	802406231
3550	799569439
3551	336871052
3552	552105755
3553	79365142
3554	724242117
3555	540771719
3556	461453378
3557	846033347
3558	415611271
3559	82961539
3560	327826384
3561	542503816
3562	634670621
3563	936322451
3564	717923333
3565	462884742
3566	718225965
3567	94665734
3568	333596756
3569	206352043
3570	892923684
3571	547933300
3572	845388794
3573	338183197
3574	763716538
3575	753619583
3576	11555735
3577	762263661
3578	378874700
3579	894775834
3580	297276032
3581	933508418
3582	766491863
3583	723731019
3584	377459183
3585	761688442
3586	838838620
3587	421454156
3588	851257596
3589	466707243
3590	808852846
3591	203210691
3592	75631847
3593	852566345
3594	633518854
3595	331697996
3596	754963384
3597	680136169
3598	720185819
3599	253940849
3600	936741427
3601	851519599
3602	681535369
3603	249484729
3604	717036589
3605	461924407
3606	377553919
3607	851041467
3608	544098731
3609	424037766
3610	33240604
3611	456381373
3612	75454483
3613	75223340
3614	76492278
3615	76384370
3616	84301239
3617	545399016
3618	90732222
3619	71123137
3620	541567161
3621	370323578
3622	64806268
3623	838591607
3624	379570872
3625	75174174
3626	926572015
3627	87002216
3628	55435491
3629	456110947
3630	930404057
3631	82293217
3632	761740026
3633	502807301
3634	973960571
3635	209974582
3636	715561987
3637	79368148
3638	332380966
3639	844790602
3640	249118672
3641	371783014
3642	979631607
3643	980305984
3644	628929339
3645	540789285
3646	808031590
3647	635742817
3648	250123545
3649	547564075
3650	334597122
3651	377358841
3652	338326881
3653	466854612
3654	851001144
3655	680074020
3656	417168989
3657	754777413
3658	675246245
3659	415695227
3660	754059381
3661	926176640
3662	498796804
3663	711466525
3664	4725534
3665	86538427
3666	34287564
3667	844796677
3668	244251228
3669	81142646
3670	333634367
3671	969939918
3672	668171743
3673	286120603
3674	286563220
3675	888404372
3676	45562858
3677	667908636
3678	54145156
3679	51925635
3680	50977152
3681	69278122
3682	55730208
3683	804543595
3684	806375095
3685	39627736
3686	373626545
3687	371343826
3688	202709270
3689	75527335
3690	667666874
3691	376872818
3692	8953187
3693	932860843
3694	978174513
3695	546619391
3696	255165014
3697	459818921
3698	509212689
3699	88142749
3700	464305434
3701	635959397
3702	254974888
3703	925988240
3704	200329337
3705	15971713
3706	850638071
3707	540791904
3708	628126540
3709	60804156
3710	930618643
3711	460810078
3712	888396568
3713	552177746
3714	976790238
3715	250946189
3716	719320424
3717	204768641
3718	970111440
3719	40093872
3720	290962914
3721	377047755
3722	591467051
3723	507792860
3724	250854295
3725	251419315
3726	844647868
3727	543258677
3728	211568908
3729	678692552
3730	756727194
3731	894746937
3732	23687636
3733	848616032
3734	541294182
3735	842534442
3736	675428900
3737	244937523
3738	799408420
3739	929358052
3740	975386202
3741	75972620
3742	87004839
3743	80931929
3744	248602453
3745	712693232
3746	57855011
3747	296889218
3748	415071588
3749	884452836
3750	374873540
3751	466372757
3752	82616032
3753	87137688
3754	77927319
3755	292780009
3756	797455629
3757	377679699
3758	248577171
3759	930058297
3760	801413449
3761	66707026
3762	96613329
3763	207095845
3764	287579960
3765	678354924
3766	291727968
3767	635210775
3768	507255467
3769	844207845
3770	851562890
3771	376891009
3772	933525886
3773	466563110
3774	548833574
3775	243222145
3776	928533326
3777	328749124
3778	380529588
3779	804082730
3780	289973450
3781	246944633
3782	712426748
3783	372334294
3784	667836225
3785	292419500
3786	205105755
3787	458468634
3788	504540943
3789	419331421
3790	378867858
3791	627555022
3792	676489345
3793	204691051
3794	252452306
3795	631242039
3796	509754543
3797	337773529
3798	419510642
3799	972292321
3800	723608630
3801	978774375
3802	204860120
3803	548076813
3804	634431695
3805	763961839
3806	293917059
3807	459774422
3808	247300382
3809	209596720
3810	629978729
3811	674557727
3812	635288805
3813	462781373
3814	970177577
3815	931249895
3816	70024441
3817	60532714
3818	69494530
3819	73532886
3820	380246862
3821	67530567
3822	77069798
3823	630625892
3824	542293383
3825	98807500
3826	843087731
3827	967607182
3828	591933629
3829	252065106
3830	380915788
3831	637559254
3832	724712172
3833	98863282
3834	203182101
3835	583681714
3836	412601270
3837	71509471
3838	206082313
3839	73038737
3840	424116081
3841	837773988
3842	509294581
3843	764773500
3844	89123961
3845	96016296
3846	540318136
3847	839558920
3848	668380968
3849	66246338
3850	795359125
3851	458997856
3852	627080229
3853	883398982
3854	58222195
3855	800018620
3856	87977786
3857	87818716
3858	381330606
3859	795833767
3860	417445733
3861	462191585
3862	84449049
3863	755242380
3864	671960805
3865	375163277
3866	45641012
3867	58010056
3868	887117418
3869	209823731
3870	71590605
3871	63678884
3872	807463151
3873	884352945
3874	796684436
3875	804007413
3876	677302473
3877	503041610
3878	796442598
3879	795685776
3880	287019811
3881	69494747
3882	710991706
3883	53445952
3884	584354423
3885	585135398
3886	969652977
3887	414175393
3888	498900892
3889	413509652
3890	285970555
3891	55777931
3892	678077282
3893	210455635
3894	551629442
3895	678488889
3896	628295532
3897	287044959
3898	802563839
3899	547543250
3900	377965561
3901	332489174
3902	714140003
3903	766769804
3904	290147172
3905	509449439
3906	339210982
3907	635820822
3908	718004832
3909	208335247
3910	719848243
3911	722172760
3912	798084569
3913	800248819
3914	760554649
3915	715233516
3916	248398564
3917	294310326
3918	252512991
3919	890864606
3920	332423988
3921	928730150
3922	94290355
3923	840969308
3924	357270
3925	839813631
3926	250787999
3927	20944110
3928	77962879
3929	35924924
3930	928950888
3931	372398301
3932	753757100
3933	551323579
3934	340208713
3935	414110583
3936	327989882
3937	711131139
3938	499697900
3939	89313218
3940	17852931
3941	291283136
3942	800025076
3943	77811375
3944	459777308
3945	925181409
3946	68309369
3947	96123394
3948	967879716
3949	967578074
3950	418456957
3951	892384915
3952	503092910
3953	205540661
3954	377680910
3955	456928518
3956	203167702
3957	501392487
3958	57635775
3959	371694765
3960	588586613
3961	838293241
3962	87800817
3963	90070452
3964	88379669
3965	89392190
3966	976122375
3967	720454707
3968	294391390
3969	209723188
3970	632422653
3971	758948378
3972	248746264
3973	848762308
3974	886079589
3975	15768756
3976	764362434
3977	926656880
3978	717696549
3979	292140256
3980	202366717
3981	207493566
3982	544332436
3983	632833411
3984	762435735
3985	204884781
3986	247387161
3987	838923138
3988	756624920
3989	86342083
3990	930123898
3991	845847482
3992	551816490
3993	336431447
3994	719831448
3995	79629447
3996	423930554
3997	544374064
3998	418305928
3999	89983471
4000	931348819
4001	978918592
4002	335422977
4003	633951199
4004	625496086
4005	375487315
4006	930366874
4007	332936171
4008	714393159
4009	547472139
4010	759174144
4011	885301589
4012	201167209
4013	418990729
4014	331609957
4015	758793726
4016	674038038
4017	546313028
4018	417163880
4019	968456503
4020	845551468
4021	669486018
4022	251082960
4023	420899519
4024	64980540
4025	634077238
4026	545966509
4027	848383342
4028	465931544
4029	249181509
4030	762486920
4031	667524810
4032	711746230
4033	978088789
4034	52519019
4035	887624673
4036	585046039
4037	635504647
4038	891629613
4039	424030443
4040	933099581
4041	851425380
4042	13712191
4043	715829880
4044	377246731
4045	379169948
4046	848714533
4047	41080092
4048	34636797
4049	499286891
4050	377132985
4051	592956024
4052	294019258
4053	800482395
4054	336504653
4055	976517807
4056	458878668
4057	929161543
4058	83612600
4059	49744265
4060	765779878
4061	721956764
4062	848777039
4063	801796198
4064	23825161
4065	935564171
4066	67239802
4067	51532753
4068	70100925
4069	419034237
4070	797880144
4071	336699055
4072	87262159
4073	74929830
4074	207361428
4075	630070429
4076	502048109
4077	44125803
4078	63862971
4079	34673305
4080	53506497
4081	931335868
4082	890378244
4083	209709586
4084	757406230
4085	672921761
4086	56772829
4087	630116391
4088	754224378
4089	338062125
4090	627838333
4091	71136303
4092	67097882
4093	61437033
4094	200995062
4095	53851218
4096	96345218
4097	95677031
4098	752570612
4099	39911222
4100	549065365
4101	56927206
4102	551280037
4103	679304742
4104	893920062
4105	977263899
4106	250905582
4107	668583387
4108	73120846
4109	544882064
4110	584194322
4111	286134532
4112	251998865
4113	88311304
4114	98797343
4115	9579419
4116	674087377
4117	43353778
4118	371920912
4119	541989550
4120	754390880
4121	969481456
4122	508870715
4123	377482222
4124	508047923
4125	763853501
4126	423094878
4127	888016983
4128	289867659
4129	761983208
4130	625751911
4131	456920835
4132	375477183
4133	414294126
4134	249446629
4135	970061824
4136	712524570
4137	203241185
4138	24464361
4139	968078975
4140	546262675
4141	761141288
4142	673512809
4143	500539748
4144	419028310
4145	711249149
4146	459464547
4147	929489333
4148	633274121
4149	678690293
4150	635840866
4151	423250906
4152	980326428
4153	415333740
4154	337581125
4155	339293958
4156	60119501
4157	590170921
4158	762882467
4159	370958528
4160	716069180
4161	458245369
4162	932369182
4163	759445072
4164	330277333
4165	550076536
4166	717107493
4167	412578164
4168	839218901
4169	547619559
4170	927949261
4171	930320277
4172	207551248
4173	972827399
4174	42455971
4175	840652344
4176	755550081
4177	455565920
4178	58323996
4179	460010919
4180	417142968
4181	249527594
4182	759958664
4183	414942501
4184	842012233
4185	52642440
4186	33608111
4187	290596284
4188	53781243
4189	83484866
4190	886485251
4191	370809238
4192	552413790
4193	631018603
4194	381770291
4195	842836060
4196	809680969
4197	847451776
4198	498015371
4199	803288438
4200	462568535
4201	929659089
4202	967849812
4203	456493830
4204	672518432
4205	590476241
4206	17694404
4207	627236039
4208	334055841
4209	375512740
4210	55395607
4211	913294
4212	332173808
4213	423907758
4214	766414309
4215	296493327
4216	594109352
4217	754083501
4218	847821747
4219	976584035
4220	296689438
4221	414263388
4222	886930100
4223	635122725
4224	421778676
4225	764851187
4226	808538880
4227	334495499
4228	464528557
4229	288579843
4230	594376419
4231	895367240
4232	377707442
4233	974789966
4234	675641234
4235	546256673
4236	629968184
4237	548752564
4238	546070233
4239	588340321
4240	211561252
4241	718806253
4242	551514584
4243	253710868
4244	61415178
4245	711916100
4246	762828886
4247	806547789
4248	806598193
4249	549265071
4250	586574328
4251	753819837
4252	845251362
4253	634028658
4254	625822383
4255	846688268
4256	889129277
4257	551637394
4258	593084892
4259	546785628
4260	721061131
4261	591244762
4262	208220197
4263	676388414
4264	675669280
4265	933536551
4266	804554129
4267	76882139
4268	13719941
4269	503444030
4270	631077928
4271	973143969
4272	930949309
4273	243362683
4274	764816928
4275	891760784
4276	892256441
4277	630476163
4278	243506579
4279	371286000
4280	373027274
4281	630299696
4282	588352031
4283	371148302
4284	681309312
4285	593769629
4286	508848086
4287	670087172
4288	927943279
4289	668333965
4290	456950094
4291	969938265
4292	285599425
4293	797743866
4294	18700398
4295	754276648
4296	671330010
4297	795393137
4298	637567401
4299	297547292
4300	716972344
4301	540857614
4302	758528552
4303	715369160
4304	669933130
4305	884817111
4306	75557070
4307	88273128
4308	68821689
4309	15652001
4310	627091590
4311	850114358
4312	849515019
4313	327518101
4314	460017161
4315	370062584
4316	506426205
4317	505768103
4318	293659781
4319	548561448
4320	720928332
4321	976091954
4322	969992315
4323	32144038
4324	500555923
4325	71297620
4326	65630686
4327	68911667
4328	62671559
4329	582579620
4330	541395107
4331	840059070
4332	285856453
4333	74150797
4334	760925628
4335	371716651
4336	59654583
4337	201989416
4338	246189562
4339	890949992
4340	720101404
4341	504905756
4342	418788303
4343	844870450
4344	927990866
4345	50403507
4346	89105171
4347	45098240
4348	852455139
4349	339678804
4350	500699762
4351	586254051
4352	80937246
4353	711168069
4354	584189316
4355	370193275
4356	467101342
4357	584831623
4358	202635179
4359	629620150
4360	22854764
4361	206094340
4362	205516328
4363	247733829
4364	336329329
4365	802547589
4366	803388549
4367	293766769
4368	676488910
4369	335133817
4370	206514375
4371	252841268
4372	545393090
4373	463790401
4374	418073826
4375	936363103
4376	206862465
4377	722115681
4378	717074430
4379	885364494
4380	66165584
4381	586359748
4382	64509279
4383	588875511
4384	2811506
4385	497698606
4386	636100327
4387	546447239
4388	295895716
4389	936455862
4390	851377906
4391	253908484
4392	766431808
4393	505714277
4394	246398259
4395	892457093
4396	797118228
4397	801532990
4398	501615569
4399	82366797
4400	77663412
4401	49868991
4402	798016265
4403	758745344
4404	210287166
4405	717403185
4406	590482837
4407	759894769
4408	97052074
4409	502503232
4410	85041749
4411	60376049
4412	286468993
4413	40452352
4414	76485006
4415	753964991
4416	54570490
4417	500451885
4418	760965292
4419	716557485
4420	630997596
4421	9826860
4422	754246103
4423	925304247
4424	925749823
4425	94263290
4426	91199931
4427	711450947
4428	681252161
4429	83115815
4430	669698094
4431	883327304
4432	85624250
4433	501449545
4434	81443561
4435	335767294
4436	287994726
4437	98241808
4438	886711398
4439	57992053
4440	56275995
4441	803974258
4442	62181851
4443	76545643
4444	716482067
4445	25920300
4446	46920253
4447	552790560
4448	632876483
4449	847695018
4450	891380840
4451	331112533
4452	801919982
4453	83285530
4454	927906089
4455	640119354
4456	637344853
4457	809953733
4458	809693925
4459	339629596
4460	339625620
4461	467216762
4462	509559177
4463	254181631
4464	509221865
4465	766556780
4466	679231486
4467	636605469
4468	851414824
4469	509046309
4470	936426295
4471	893937889
4472	381534774
4473	636338429
4474	678997885
4475	636364848
4476	508967488
4477	893762859
4478	893848357
4479	808624610
4480	211160674
4481	508342965
4482	678438525
4483	380903176
4484	808303311
4485	765639580
4486	423152572
4487	723132599
4488	977878498
4489	253036629
4490	680356017
4491	677990124
4492	892869771
4493	252701071
4494	680460950
4495	719962190
4496	764990562
4497	634881072
4498	934946015
4499	252324030
4500	422113373
4501	849709059
4502	849460204
4503	421753340
4504	209256488
4505	294227041
4506	676660753
4507	676673014
4508	591555589
4509	336522098
4510	806577797
4511	806257003
4512	208786147
4513	848646785
4514	676030640
4515	848559338
4516	548500449
4517	378611303
4518	933297205
4519	378398988
4520	463288002
4521	548063065
4522	718074873
4523	463120658
4524	505525818
4525	847965308
4526	377959522
4527	805465812
4528	674880858
4529	292471890
4530	334971195
4531	932333842
4532	547361067
4533	717162140
4534	762001460
4535	504437356
4536	249255208
4537	759415887
4538	249201241
4539	461528330
4540	759085606
4541	291446874
4542	716346290
4543	418375593
4544	715924904
4545	375911751
4546	630698548
4547	417958504
4548	545406048
4549	587864408
4550	887788904
4551	587385564
4552	802430937
4553	757413415
4554	289627667
4555	802273704
4556	332029570
4557	757246287
4558	929529208
4559	374693263
4560	587069646
4561	844425881
4562	204393373
4563	331959279
4564	801863827
4565	844299030
4566	246568503
4567	971377124
4568	971297902
4569	886351757
4570	203766118
4571	843553255
4572	330851114
4573	800725850
4574	458207954
4575	843205040
4576	670521339
4577	970585717
4578	755435303
4579	500563669
4580	287882560
4581	457810450
4582	712640992
4583	457634965
4584	970124108
4585	754971939
4586	712335416
4587	969738617
4588	244638058
4589	244605116
4590	414594445
4591	371902906
4592	969448744
4593	456692182
4594	329161900
4595	926537613
4596	669036260
4597	754007667
4598	711496358
4599	286377358
4600	328938726
4601	968758401
4602	753706371
4603	926144737
4604	541189458
4605	540993203
4606	840840331
4607	795782363
4608	883363652
4609	285778055
4610	498216174
4611	710727237
4612	753248933
4613	883207768
4614	753055386
4615	710470201
4616	752940536
4617	667642918
4618	285014842
4619	455107040
4620	92499885
4621	93648647
4622	91244944
4623	90609023
4624	89273604
4625	89256115
4626	90164987
4627	87563436
4628	88202610
4629	86724612
4630	85965831
4631	85512712
4632	85218297
4633	85440800
4634	83422239
4635	82290680
4636	82282865
4637	81029518
4638	80856554
4639	81008100
4640	80380499
4641	79070268
4642	78883216
4643	77791127
4644	77934020
4645	77525478
4646	77146593
4647	76146891
4648	75249458
4649	74801924
4650	73808938
4651	71912876
4652	70894254
4653	69715109
4654	70110679
4655	69483777
4656	69565838
4657	69597630
4658	68957107
4659	68071854
4660	66839997
4661	66592561
4662	64655828
4663	61025509
4664	58557158
4665	58385470
4666	58149114
4667	55966278
4668	54551746
4669	51662690
4670	50256015
4671	49576609
